{"cameraMode":{"drawMode":0,"name":"Shaded","section":"Shading Mode"},"sceneLighting":false,"audioPlay":false,"sceneViewState":{"showFog":true,"showMaterialUpdate":false,"showSkybox":false,"showFlares":true,"showImageEffects":true,"showParticleSystems":true},"in2DMode":false,"pivot":{"x":-7.450580596923828e-8,"y":0.0,"z":0.9999999403953552},"rotation":{"x":0.16364751756191255,"y":0.011838499456644059,"z":-0.0019626226276159288,"w":0.9864500164985657},"size":0.6928205490112305,"orthographic":false}